Primary Dealer|Holding Company|Ticker|Start Date|End Date|Permco|gvkey
ABN AMRO BANK, N.V., NY BR|BAC NORTH AMERICA HOLDING COMPANY ||9/29/98|9/15/06|31989.0|15504.0
AUBREY G. LANSTON & CO.|INDUSTRIAL BANK OF JAPAN, LIMITED|8302 (Japan)|5/19/60|4/17/00||15685.0
BA SECURITIES, INC.|Bank of America Corporation|BAC (NYSE)|4/18/94|9/30/97|437.0|7647.0
BANC OF AMERICA SECURITIES LLC|Bank of America Corporation|BAC (NYSE)|5/17/99|11/1/10|3151.0|7647.0
BANC ONE CAPITAL MARKETS, INC|JPMorgan Chase & Co. (Acquired by JPMorgan Chase)|JPM (NYSE)|4/1/99|8/1/04|20436.0|2968.0
BANCAMERICA ROBERTSON STEPHEN|BANKBOSTON CORP|BKB.2|10/1/97|9/30/98|20264.0|2014.0
BANK OF AMERICA NT & SA|Bank of America Corporation|BAC (NYSE)|11/17/71|4/15/94|437.0|7647.0
BANK OF NOVA SCOTIA, NEW YORK AGENCY|BANK OF NOVA SCOTIA|BNS (Toronto)|10/4/11|Current|43264.0|15582.0
BANKERS TRUST|Bankers Trust New York Corporation||5/19/60|7/7/89|20266.0|2029.0
BARCLAYS CAPITAL INC.|Barclays PLC|BARC (LSE)|4/1/98|Current|20269.0|12673.0
BARCLAYS DE ZOETE WEDD GSI|Barclays PLC|BARC (LSE)|12/7/89|6/30/96|20269.0|12673.0
BARTOW LEEDS & CO.|Merrill Lynch & Co.||5/19/60|6/14/62|21190.0|7267.0
BEAR,STEARNS & CO., INC. |JPMorgan Chase & Co. (Acquired by JPMorgan Chase)|JPM (NYSE)|6/10/81|10/1/08|20436.0|2968.0
BECKER|BNP Paribas Group|BNP (Euronext Paris)|11/17/71|9/10/84||15532.0
BLYTH & CO., INC. |UBS AMERICAS|UBS-AMS|4/16/62|1/14/70|37504.0|144496.0
BLYTH EASTMAN DILLON CAPITAL MARKETS|Paine Webber Incorporated|PWJ|12/5/74|12/31/79|21359.0|8299.0
BMO CAPITAL MARKETS CORP. |Bank of Montreal|BMO (NYSE)|10/4/11|Current|29146.0|15580.0
BMO NESBITT BURNS CORP.|Bank of Montreal|BMO (NYSE)|2/15/00|3/31/02|29146.0|15580.0
BNP PARIBAS SECURITIES CORP.|BNP Paribas Group|BNP (Euronext Paris)|9/15/00|Current||15532.0
BNY SECURITIES, INC.|Bank of New York Mellon Corporation|BK (NYSE)|8/1/89|8/9/90|20265.0|2019.0
BROPHY,GESTAL, KNIGHT AND CO., L.P. (SANWA SCTY USA CO LP)|||5/8/87|6/19/88||
BT ALEX. BROWN INCORPORATED |Deutsche Bank AG|DB (XETRA)|10/23/97|6/4/99|42291.0|15576.0
BT SECURITIES CORPORATION|Bankers Corp.||7/10/89|10/22/97|10524.0|21060.0
BZW SECURITIES INC. |Barclays PLC|BARC (LSE)|7/1/96|3/31/98|20269.0|12673.0
C.F. CHILDS & CO.|The Royal Bank of Scotland Group PLC|RBS|5/19/60|6/29/65|28711.0|15634.0
CANTOR FITZGERALD & CO.|Cantor Fitzgerald & Company|BGCP|8/1/06|Current|17502.0|127377.0
CARROLL MCENTEE & MCGINLEY INC.|HSBC USA|HSBC (NYSE)|9/29/76|5/6/94|35175.0|15509.0
CHASE SECURITIES, INC|JPMorgan Chase & Co.|JPM (NYSE)|7/15/70|4/30/01|20436.0|2968.0
CHEMICAL SECURITIES INC|CHEMICAL BANKING CORP|JPM (NYSE)|5/19/60|3/31/96|20436.0|2968.0
CIBC WORLD MARKETS CORP. |Canadian Imperial Bank of Commerce|CM (NYSE)|3/27/96|2/8/07||15581.0
CITIGROUP GLOBAL MARKETS INC.|Citigroup Inc.|C (NYSE)|6/15/61|Current|20483.0|3243.0
CONTINENTAL BANK CORP|CONTINENTAL BANK CORP||5/19/60|8/30/91|57250.0|3463.0
COUNTRYWIDE SECURITIES CORPORATION|Bank of America Corporation|BAC (NYSE)|1/15/04|7/15/08|3151.0|7647.0
COUNTY NATWEST GOV. SEC., INC.|NatWest Group plc (formerly RBS)|NWG (LSE)|9/29/88|1/13/89|28711.0|15634.0
CREDIT SUISSE SECURITIES (USA) LLC|Credit Suisse Group AG|CSGN (SIX Swiss Ex)|10/12/93|Current|42125.0|28838.0
CRT GOVERNMENT SECURITIES,INC. |||12/22/87|7/5/93||
D.W. RICH & CO., INC|||5/19/60|12/31/69||
DAIWA CAPITAL MARKETS AMERICA INC.|Daiwa Securities Group Inc.|DSEEY|12/11/86|Current||15483.0
DEAN WITTER REYNOLDS INC.|Morgan Stanley|MS (NYSE)|11/2/77|4/30/98|21224.0|12124.0
DEUTSCHE BANK SECURITIES INC.|Deutsche Bank AG|DBK (XETRA)|12/13/90|Current|42291.0|15576.0
DILLON, READ & CO., INC. |UBS Group AG|UBSG (SIX Swiss Ex)|6/24/88|9/2/97|37504.0|144496.0
DISCOUNT CORPORATION OF NEW YORK|D C N Y CORP|DCY|5/19/60|8/10/93|1269.0|
DLJ SECURITIES CORPORATION|Credit Suisse Group AG|CSGN (SIX Swiss Ex)|3/6/74|12/31/00|42125.0|28838.0
DLJ SECURITIES CORPORATION|Credit Suisse Group AG|CSGN (SIX Swiss Ex)|10/25/95|12/31/00|42125.0|28838.0
DRESDNER KLEINWORT SECURITIES LLC|Dresdner Bank AG (historical)|DRSDY|5/8/97|6/26/09|1386.0|15577.0
DREXEL BURNHAM LAMBERT |DREXEL BURNHAM LAMBERT GROUP, INC ||5/19/60|3/28/90||
EASTBRIDGE CAPITAL INC. |EASTBRIDGE HOLDINGS INC.||6/18/92|5/29/98||
F.I. DUPONT & CO (DuPont Walston)|||12/12/68|7/18/73||
FIRST CHICAGO|JPMorgan Chase & Co.|JPM (NYSE)|5/19/60|3/31/99|20436.0|2968.0
FIRST INTERSTATE|First Interstate Bancorp|I.1|7/31/64|6/17/88|20720.0|4710.0
FIRST N/B OF BOSTON |BANKBOSTON CORP|BKB.2|3/21/83|11/17/85|20264.0|2014.0
FIRST PENNCO SEC. INC.|FIRST PENNSYLVANIA CORPORATION|FPA|3/7/74|8/27/80|20722.0|4732.0
FUJI SECURITIES INC.|Mizuho Financial Group||4/22/85|6/30/96|51429.0|248136.0
GOLDMAN, SACHS & CO. |Goldman Sachs Group, Inc.|GS|5/19/60|Current|35048.0|114628.0
GREENWICH CAPITAL MARKETS, INC. |GREENWICH FINANCIAL CORP|GFCT|8/7/89|9/16/04|9750.0|16951.0
HARRIS GOVERNMENT SECURITIES|Bank of Montreal|BMO (NYSE)|7/15/65|5/31/95|29146.0|15580.0
HSBC SECURITIES (USA) INC.|HSBC Holdings PLC|HSBA (LSE)|5/9/94|Current|35175.0|15509.0
HUTTON|HUTTON E F GROUP INC|EFH|11/2/77|12/31/87|25422.0|5793.0
IRVING SECURITIES|IRVING BANK CORPORATION|V|5/19/60|7/31/89|24906.0|6186.0
J.P. MORGAN SECURITIES LLC|JPMorgan Chase & Co.|JPM (NYSE)|5/19/60|Current|20436.0|2968.0
JEFFERIES LLC|Jefferies LLC|JEF (NYSE)|6/18/09|Current|21097.0|6682.0
KIDDER, PEABODY & CO., INCORPORATED|PaineWebber Group Inc.|PWJ|2/7/79|12/30/94|21359.0|8299.0
KLEINWORT BENSONGOV'T SEC.|Dresdner Bank AG (historical)|DRSDY|2/13/80|12/27/89|1386.0|15577.0
L.F.ROTHSCHILD & CO.|ROTHSCHILD L F HOLDGS INC||12/11/86|1/17/89|25825.0|12223.0
LEHMAN BROTHERS INC.|Lehman Brothers Holdings Inc. ||11/25/76|9/22/08|21606.0|30128.0
LEHMAN GOV'T SEC. INC.|Lehman Brothers Holdings Inc. ||2/22/73|1/29/74|21606.0|30128.0
LLOYDS GOV'T SECURITIES|LLOYDS BANKING GROUP PLC||12/22/87|4/28/89|42417.0|15929.0
MALON S. ANDRUS INC.|PaineWebber Group Inc.|PWJ|5/19/60|11/24/65|21359.0|8299.0
MANUFACTURERS HANOVER SECURITIES COR|Manufacturers Hanover Corporation|MHC|8/31/83|12/31/91|21150.0|7003.0
MERRILL LYNCH|Merrill Lynch & Co.|BAC|11/1/10|Current|21190.0|7267.0
MERRILL LYNCH GOVERNMENT SEC. INC.|Merrill Lynch & Co.|BAC2 (historical)|5/19/60|2/11/09|21190.0|7267.0
MF GLOBAL INC.|MF Global Holdings Ltd.||2/2/11|10/31/11|52536.0|177745.0
MIDLAND-MONTAGU GOV. SEC.|MIDLAND MONTAGU INC.                                                                                                    ||8/13/75|7/26/90||
MIZUHO SECURITIES USA INC.|Mizuho Financial Group||4/1/02|Current|51429.0|248136.0
MORGAN STANLEY & CO. LLC|Morgan Stanley Group Inc.|MS (NYSE)|2/1/78|Current|21224.0|12124.0
N.Y.HANSEATIC CORP.|||2/8/84|7/26/84||
NATIONSBANC MONTGOMERY SECURITIES, LLC|NationsBank Corporation|NB|7/6/93|5/16/99|3151.0|7647.0
NESBITT BURNS SECURITIES INC.|Bank of Montreal|BMO (NYSE)|6/1/95|2/14/00|29146.0|15580.0
NOMURA SECURITIES INTERNATIONAL,INC|NOMURA HOLDINGS, INC. ||12/11/86|11/30/07|42522.0|15613.0
NOMURA SECURITIES INTERNATIONAL,INC|NOMURA HOLDINGS, INC. ||7/27/09|Current|42522.0|15613.0
NORTHERN TRUST|Northern Trust Corporation|NTRS (NASDAQ)|8/8/73|5/29/86|3275.0|7982.0
NUVEEN GOV'T SEC. INC.|Nuveen Corporation|6051B|11/18/71|8/27/80|29493.0|25296.0
PAINE WEBBER INCORPORATED |PaineWebber Group Inc.|PWJ|6/22/72|6/27/73|21359.0|8299.0
PAINE, WEBBER, JACKSON & CURTIS INC.|PaineWebber Group Inc.|PWJ|11/25/76|12/4/00|21359.0|8299.0
PARIBAS CORPORATION|BNP Paribas Group|BNP (Euronext Paris)|5/1/97|9/14/00||15532.0
PRUDENTIAL SECURITIES INCORPO|Prudential Financial Inc.|PRU (NYSE)|10/29/75|12/1/00|42524.0|143356.0
RBC CAPITAL MARKETS|Royal Bankof Canada|RY|7/8/09|Current|29151.0|15633.0
RBS SECURITIES INC.|The Royal Bank of Scotland Group PLC|RBS|4/1/09|Current|28711.0|15634.0
REFCO PARTNERS|Refco Group Ltd.|RFX|11/19/80|5/7/87|47194.0|163770.0
S.G. WARBURG & CO.|BNP Paribas Group|BNP (Euronext Paris)|6/24/88|7/26/95|42524.0|143356.0
SANWA SCTY USA CO LP|Sanwa Holdings Corp||6/20/88|7/20/98||102895.0
SBC WARBURG DILLON READ INC.|Swiss Bank Corporation |UBS|3/29/90|6/28/98|37504.0|144496.0
SECOND DISTRICT SECURITIES CO., INC |||6/15/61|8/27/80||
SECURITIES GROUPS |||5/19/60|6/5/83||
SECURITY PACIFIC NATIONAL BANK|Security Pacific Corporation|6020|12/11/86|1/17/91|4205.0|9577.0
SG AMERICAS SECURITIES, LLC|SOCIETE GENERALE|SCGLY|2/2/11|Current||15784.0
SG COWEN SECURITIES CORP.|SOCIETE GENERALE|GLE (Euronext Paris)|7/1/99|10/31/01||15784.0
SMITH BARNEY|Smith Barney Holdings|TRV1|8/22/79|8/31/98||60841.0
SOUTHERN CALIF S&L ASSOC|California Federal Savings and Loan Association||6/7/83|8/5/83|5884.0|2612.0
TD SECURITIES (USA) LLC|The Toronto-Dominion Bank|TD (NYSE)|2/11/14|Current|29152.0|15706.0
THE FIRST BOSTON CORPORATION |Credit Suisse Group AG|CSGN (SIX Swiss Ex)|5/19/60|10/11/93|42125.0|28838.0
THE NIKKO SECURITIES CO. INT|Nikko Securities Co.|NIKOY|12/22/87|1/3/99||15616.0
THOMSON MCKINNON SECURITIES INC.|Prudential Financial Inc.|PRU (NYSE)|12/11/86|7/7/89|42524.0|143356.0
UBS SECURITIES LLC.|UBS Group AG|UBSG (SIX Swiss Ex)|12/7/89|Current|55100.0|144496.0
WEEDEN & CO.|WEEDEN & CO.||6/17/76|5/15/78|25984.0|
WERTHEIM SCHRODER & CO.|Citigroup Inc.|C (NYSE)|5/19/60|12/31/90|20483.0|3243.0
WESTPAC POLLOCK GOV'T SECURITIES INC|Westpac Banking Corporation|WBK (NYSE)|2/4/87|6/27/90|22027.0|15362.0
WHITE, WELD & CO INC. (BRAVER STERN SECURITIES)|||5/19/60|4/30/70||
WM. E. POLLOCK GOV'T SECURITIES,INC (WESTPAC POLLOCK & CO. INC.)|Westpac Banking Corporation|WBK (NYSE)|5/19/60|2/3/87|22027.0|15362.0
YAMAICHI INT'L (AMERICA)|||9/29/88|12/4/97||
ZIONS FIRST NATIONAL BANK |Zions Bancorporation|ZION (NASDAQ)|8/11/93|3/31/02|21305.0|8007.0
